{"0.5590173744611215":{"userId":14},"0.02670964385460528":{"userId":14}}